sAMAccountName,password,ou,Department,UserPrincipalName,GivenName,initials,Surname,sn,Displayname,Office,OfficePhone,Email,StreetAddress,City,State,PostalCode,Country,Title,Company
Ebony.Kelly,socimp123!,"OU=PR,OU=SOCIMP Users,DC=socimp,DC=local",PR,Ebony.Kelly@socimp.com,Ebony,B,Kelly,Ebony Kelly,Ebony Kelly,PR Office,580-305-2429,Ebony.Kelly@socimp.com,,Tulsa,HN,10000,VN,PR Specialist,SOC in my Pocket
Karen.Spies,socimp123!,"OU=PR,OU=SOCIMP Users,DC=socimp,DC=local",PR,Karen.Spies@socimp.com,Karen,J,Spies,Karen Spies,Karen Spies,PR Office,715-787-6608,Karen.Spies@socimp.com,450 Tea Berry Lane,Gresham,HN,10000,VN,PR Staff,SOC in my Pocket
Robert.Slade,socimp123!,"OU=PR,OU=SOCIMP Users,DC=socimp,DC=local",PR,Robert.Slade@socimp.com,Robert,L,Slade,Robert Slade,Robert Slade,PR Office,812-472-0040,Robert.Slade@socimp.com,2404 Lucy Lane,Fredericksburg,HN,10000,VN,PR Staff,SOC in my Pocket
Adam.Anderson,socimp123!,"OU=PR,OU=SOCIMP Users,DC=socimp,DC=local",PR,Adam.Anderson@socimp.com,Adam,A,Anderson,Adam Anderson,Adam Anderson,PR Office,781-847-9355,Adam.Anderson@socimp.com,678 Hillcrest Avenue,Boston,HN,10000,VN,PR Staff,SOC in my Pocket
Debbie.Alexander,socimp123!,"OU=PR,OU=SOCIMP Users,DC=socimp,DC=local",PR,Debbie.Alexander@socimp.com,Debbie,K,Alexander,Debbie Alexander,Debbie Alexander,PR Office,712-279-0390,Debbie.Alexander@socimp.com,2360 Woodland Drive,Sioux City,HN,10000,VN,PR Staff,SOC in my Pocket
Aimee.Delk,iloveyou123,"OU=PR,OU=SOCIMP Users,DC=socimp,DC=local",PR,Aimee.Delk@socimp.com,Aimee,P,Delk,Aimee Delk,Aimee Delk,PR Office,720-621-1477,Aimee.Delk@socimp.com,3600 Clay Lick Road,Denver,HN,10000,VN,PR Staff,SOC in my Pocket
Edward.Gordon,socimp123!,"OU=PR,OU=SOCIMP Users,DC=socimp,DC=local",PR,Edward.Gordon@socimp.com,Edward,A,Gordon,Edward Gordon,Edward Gordon,PR Office,937-848-5461,Edward.Gordon@socimp.com,760 Crim Lane,Bellbrook,HN,10000,VN,PR Staff,SOC in my Pocket
Joe.Sims,socimp123!,"OU=PR,OU=SOCIMP Users,DC=socimp,DC=local",PR,Joe.Sims@socimp.com,Joe,B,Sims,Joe Sims,Joe Sims,PR Office,317-554-4675,Joe.Sims@socimp.com,4793 Barfield Lane,Indianapolis,HN,10000,VN,PR Staff,SOC in my Pocket
John.Teague,socimp123!,"OU=PR,OU=SOCIMP Users,DC=socimp,DC=local",PR,John.Teague@socimp.com,John,S,Teague,John Teague,John Teague,PR Office,660-287-1168,John.Teague@socimp.com,2853 Fairmont Avenue,Kansas City,HN,10000,VN,PR Staff,SOC in my Pocket
Ramona.Quintana,socimp123!,"OU=PR,OU=SOCIMP Users,DC=socimp,DC=local",PR,Ramona.Quintana@socimp.com,Ramona,R,Quintana,Ramona Quintana,Ramona Quintana,PR Office,810-610-4129,Ramona.Quintana@socimp.com,4070 Perry Street,Detroit,HN,10000,VN,PR Staff,SOC in my Pocket
Sheree.Ervin,socimp123!,"OU=Operations,OU=SOCIMP Users,DC=socimp,DC=local",Operations,Sheree.Ervin@socimp.com,Sheree,B,Ervin,Sheree Ervin,Sheree Ervin,Operations Office,916-278-3566,Sheree.Ervin@socimp.com, ,Sacramento,HN,10000,VN,Operations Staff,SOC in my Pocket
Javier.Johnson,socimp123!,"OU=Operations,OU=SOCIMP Users,DC=socimp,DC=local",Operations,Javier.Johnson@socimp.com,Javier,P,Johnson,Javier Johnson,Javier Johnson,Operations Office,502-319-2599,Javier.Johnson@socimp.com,2705 Radford Street,Louisville,HN,10000,VN,Operations Staff,SOC in my Pocket
James.Morgan,socimp123!,"OU=Operations,OU=SOCIMP Users,DC=socimp,DC=local",Operations,James.Morgan@socimp.com,James,M,Morgan,James Morgan,James Morgan,Operations Office,805-383-2791,James.Morgan@socimp.com,2196 Diane Street,Camarillo,HN,10000,VN,Operations Staff,SOC in my Pocket
Danilo.Spell,socimp123!,"OU=Operations,OU=SOCIMP Users,DC=socimp,DC=local",Operations,Danilo.Spell@socimp.com,Danilo,J,Spell,Danilo Spell,Danilo Spell,Operations Office,865-224-6520,Danilo.Spell@socimp.com,2160 Brown Avenue,Harriman,HN,10000,VN,Operations Staff,SOC in my Pocket
Judy.Holloman,socimp123!,"OU=Operations,OU=SOCIMP Users,DC=socimp,DC=local",Operations,Judy.Holloman@socimp.com,Judy,R,Holloman,Judy Holloman,Judy Holloman,Operations Office,412-366-8228,Judy.Holloman@socimp.com,2576 Jacobs Street,Pittsburgh,HN,10000,VN,Operations Staff,SOC in my Pocket
Susan.Newman,socimp123!,"OU=Operations,OU=SOCIMP Users,DC=socimp,DC=local",Operations,Susan.Newman@socimp.com,Susan,S,Newman,Susan Newman,Susan Newman,Operations Office,845-747-9580,Susan.Newman@socimp.com,3098 Old Dear Lane,Poughkeepsie,HN,10000,VN,Operations Staff,SOC in my Pocket
Pauline.Beal,iloveyou123,"OU=Operations,OU=SOCIMP Users,DC=socimp,DC=local",Operations,Pauline.Beal@socimp.com,Pauline,B,Beal,Pauline Beal,Pauline Beal,Operations Office,201-515-1857,Pauline.Beal@socimp.com,3812 Walnut Avenue,Piscataway,HN,10000,VN,Operations Staff,SOC in my Pocket
George.Puffer,socimp123!,"OU=Operations,OU=SOCIMP Users,DC=socimp,DC=local",Operations,George.Puffer@socimp.com,George,C,Puffer,George Puffer,George Puffer,Operations Office,334-399-9633,George.Puffer@socimp.com,748 Fleming Street,Montgomery,HN,10000,VN,Operations Staff,SOC in my Pocket
April.Minton,socimp123!,"OU=Operations,OU=SOCIMP Users,DC=socimp,DC=local",Operations,April.Minton@socimp.com,April,S,Minton,April Minton,April Minton,Operations Office,305-258-2745,April.Minton@socimp.com,4279 Agriculture Lane,Homestead,HN,10000,VN,Operations Staff,SOC in my Pocket
Orlando.Barga,socimp123!,"OU=Operations,OU=SOCIMP Users,DC=socimp,DC=local",Operations,Orlando.Barga@socimp.com,Orlando,T,Barga,Orlando Barga,Orlando Barga,Operations Office,315-874-7845,Orlando.Barga@socimp.com,1956 Saint Marys Avenue,Syracuse,HN,10000,VN,Operations Staff,SOC in my Pocket
Leslie.Snyder,socimp123!,"OU=Legal,OU=SOCIMP Users,DC=socimp,DC=local",Legal,Leslie.Snyder@socimp.com,Leslie,D,Snyder,Leslie Snyder,Leslie Snyder,Legal Office,330-832-6166,Leslie.Snyder@socimp.com,3521 Rivendell Drive,Massillon,HN,10000,VN,Legal Specialist,SOC in my Pocket
Guillermo.Hornberger,socimp123!,"OU=Legal,OU=SOCIMP Users,DC=socimp,DC=local",Legal,Guillermo.Hornberger@socimp.com,Guillermo,M,Hornberger,Guillermo Hornberger,Guillermo Hornberger,Legal Office,802-779-5699,Guillermo.Hornberger@socimp.com,3679 Hardman Road,Brattleboro,HN,10000,VN,Legal Staff,SOC in my Pocket
Harold.Combs,socimp123!,"OU=Legal,OU=SOCIMP Users,DC=socimp,DC=local",Legal,Harold.Combs@socimp.com,Harold,C,Combs,Harold Combs,Harold Combs,Legal Office,847-586-0147,Harold.Combs@socimp.com,4407 Vine Street,Arlington Heights,HN,10000,VN,Legal Staff,SOC in my Pocket
James.Andrews,socimp123!,"OU=Legal,OU=SOCIMP Users,DC=socimp,DC=local",Legal,James.Andrews@socimp.com,James,L,Andrews,James Andrews,James Andrews,Legal Office,727-592-1749,James.Andrews@socimp.com,2481 Maryland Avenue,Feather Sound,HN,10000,VN,Legal Staff,SOC in my Pocket
Johnny.Cruz,socimp123!,"OU=Legal,OU=SOCIMP Users,DC=socimp,DC=local",Legal,Johnny.Cruz@socimp.com,Johnny,S,Cruz,Johnny Cruz,Johnny Cruz,Legal Office,717-658-1535,Johnny.Cruz@socimp.com,3 Lincoln Drive,Chambersburg,HN,10000,VN,Legal Staff,SOC in my Pocket
Steven.Knight,socimp123!,"OU=Legal,OU=SOCIMP Users,DC=socimp,DC=local",Legal,Steven.Knight@socimp.com,Steven,A,Knight,Steven Knight,Steven Knight,Legal Office,856-243-5626,Steven.Knight@socimp.com,4349 American Drive,Camden,HN,10000,VN,Legal Staff,SOC in my Pocket
Jack.Jones,socimp123!,"OU=Legal,OU=SOCIMP Users,DC=socimp,DC=local",Legal,Jack.Jones@socimp.com,Jack,M,Jones,Jack Jones,Jack Jones,Legal Office,720-878-8430,Jack.Jones@socimp.com,259 Leo Street,Denver,HN,10000,VN,Legal Staff,SOC in my Pocket
Robert.Maag,iloveyou123,"OU=Legal,OU=SOCIMP Users,DC=socimp,DC=local",Legal,Robert.Maag@socimp.com,Robert,E,Maag,Robert Maag,Robert Maag,Legal Office,402-269-7013,Robert.Maag@socimp.com,292 Crummit Lane,Syracuse,HN,10000,VN,Legal Staff,SOC in my Pocket
Richelle.Best,socimp123!,"OU=Legal,OU=SOCIMP Users,DC=socimp,DC=local",Legal,Richelle.Best@socimp.com,Richelle,D,Best,Richelle Best,Richelle Best,Legal Office,225-930-2367,Richelle.Best@socimp.com,504 Coventry Court,Baton Rouge,HN,10000,VN,Legal Staff,SOC in my Pocket
William.Reed,socimp123!,"OU=Legal,OU=SOCIMP Users,DC=socimp,DC=local",Legal,William.Reed@socimp.com,William,L,Reed,William Reed,William Reed,Legal Office,602-523-6606,William.Reed@socimp.com,4075 Coplin Avenue,Phoenix,HN,10000,VN,Legal Staff,SOC in my Pocket
Anna.Tabron,socimp123!,"OU=Purchasing,OU=SOCIMP Users,DC=socimp,DC=local",Purchasing,Anna.Tabron@socimp.com,Anna,K,Tabron,Anna Tabron,Anna Tabron,Purchasing Office,626-210-7560,Anna.Tabron@socimp.com,4931 Rainbow Road,Los Angeles,HN,10000,VN,Purchasing Staff,SOC in my Pocket
Judith.Smith,socimp123!,"OU=Purchasing,OU=SOCIMP Users,DC=socimp,DC=local",Purchasing,Judith.Smith@socimp.com,Judith,T,Smith,Judith Smith,Judith Smith,Purchasing Office,818-369-3876,Judith.Smith@socimp.com,4486 Edsel Road,Los Angeles,HN,10000,VN,Purchasing Staff,SOC in my Pocket
Ora.Moon,socimp123!,"OU=Purchasing,OU=SOCIMP Users,DC=socimp,DC=local",Purchasing,Ora.Moon@socimp.com,Ora,M,Moon,Ora Moon,Ora Moon,Purchasing Office,605-865-6390,Ora.Moon@socimp.com,4678 Leroy Lane,Timber Lake,HN,10000,VN,Purchasing Staff,SOC in my Pocket
John.Tuck,socimp123!,"OU=Purchasing,OU=SOCIMP Users,DC=socimp,DC=local",Purchasing,John.Tuck@socimp.com,John,D,Tuck,John Tuck,John Tuck,Purchasing Office,541-890-8841,John.Tuck@socimp.com,3536 Skinner Hollow Road,Medford,HN,10000,VN,Purchasing Staff,SOC in my Pocket
Cynthia.Gutierrez,socimp123!,"OU=Purchasing,OU=SOCIMP Users,DC=socimp,DC=local",Purchasing,Cynthia.Gutierrez@socimp.com,Cynthia,B,Gutierrez,Cynthia Gutierrez,Cynthia Gutierrez,Purchasing Office,337-240-9607,Cynthia.Gutierrez@socimp.com,3885 Sherwood Circle,Lake Charles,HN,10000,VN,Purchasing Staff,SOC in my Pocket
Vincent.Simas,iloveyou123,"OU=Purchasing,OU=SOCIMP Users,DC=socimp,DC=local",Purchasing,Vincent.Simas@socimp.com,Vincent,E,Simas,Vincent Simas,Vincent Simas,Purchasing Office,908-497-7017,Vincent.Simas@socimp.com,1318 Caynor Circle,Cranford,HN,10000,VN,Purchasing Staff,SOC in my Pocket
Keith.Lucero,socimp123!,"OU=Purchasing,OU=SOCIMP Users,DC=socimp,DC=local",Purchasing,Keith.Lucero@socimp.com,Keith,J,Lucero,Keith Lucero,Keith Lucero,Purchasing Office,949-808-5562,Keith.Lucero@socimp.com,3754 Hillcrest Lane,Riverside,HN,10000,VN,Purchasing Staff,SOC in my Pocket
Joseph.Erwin,socimp123!,"OU=Purchasing,OU=SOCIMP Users,DC=socimp,DC=local",Purchasing,Joseph.Erwin@socimp.com,Joseph,D,Erwin,Joseph Erwin,Joseph Erwin,Purchasing Office,812-796-1101,Joseph.Erwin@socimp.com,2783 Stratford Park,Louisville,HN,10000,VN,Purchasing Staff,SOC in my Pocket
Beth.Reed,socimp123!,"OU=Purchasing,OU=SOCIMP Users,DC=socimp,DC=local",Purchasing,Beth.Reed@socimp.com,Beth,J,Reed,Beth Reed,Beth Reed,Purchasing Office,307-787-0786,Beth.Reed@socimp.com,3467 Archwood Avenue,Mountain View,HN,10000,VN,Purchasing Staff,SOC in my Pocket
Tracey.Williams,socimp123!,"OU=Purchasing,OU=SOCIMP Users,DC=socimp,DC=local",Purchasing,Tracey.Williams@socimp.com,Tracey,L,Williams,Tracey Williams,Tracey Williams,Purchasing Office,419-278-9844,Tracey.Williams@socimp.com,239 Davis Place,Deshler,HN,10000,VN,Purchasing Staff,SOC in my Pocket
Connie.Brown,socimp123!,"OU=Purchasing,OU=SOCIMP Users,DC=socimp,DC=local",Purchasing,Connie.Brown@socimp.com,Connie,E,Brown,Connie Brown,Connie Brown,Purchasing Office,678-338-4633,Connie.Brown@socimp.com,201 Layman Court,Roswell,HN,10000,VN,Purchasing Staff,SOC in my Pocket
Stacy.Tucker,socimp123!,"OU=Purchasing,OU=SOCIMP Users,DC=socimp,DC=local",Purchasing,Stacy.Tucker@socimp.com,Stacy,J,Tucker,Stacy Tucker,Stacy Tucker,Purchasing Office,817-407-8628,Stacy.Tucker@socimp.com,546 Waldeck Street,Dallas,HN,10000,VN,Purchasing Staff,SOC in my Pocket
Rona.Murphy,socimp123!,"OU=Purchasing,OU=SOCIMP Users,DC=socimp,DC=local",Purchasing,Rona.Murphy@socimp.com,Rona,E,Murphy,Rona Murphy,Rona Murphy,Purchasing Office,918-582-3489,Rona.Murphy@socimp.com,2581 Camel Back Road,Tulsa,HN,10000,VN,Purchasing Staff,SOC in my Pocket
Denise.Clark,socimp123!,"OU=Purchasing,OU=SOCIMP Users,DC=socimp,DC=local",Purchasing,Denise.Clark@socimp.com,Denise,B,Clark,Denise Clark,Denise Clark,Purchasing Office,775-426-1953,Denise.Clark@socimp.com,2925 Sheila Lane,Fallon,HN,10000,VN,Purchasing Staff,SOC in my Pocket
Antoinette.McCaffrey,iloveyou123,"OU=Purchasing,OU=SOCIMP Users,DC=socimp,DC=local",Purchasing,Antoinette.McCaffrey@socimp.com,Antoinette,C,McCaffrey,Antoinette McCaffrey,Antoinette McCaffrey,Purchasing Office,907-559-9499,Antoinette.McCaffrey@socimp.com,3491 Jerry Toth Drive,Point Baker,HN,10000,VN,Purchasing Staff,SOC in my Pocket
Katherine.Garcia,socimp123!,"OU=Purchasing,OU=SOCIMP Users,DC=socimp,DC=local",Purchasing,Katherine.Garcia@socimp.com,Katherine,B,Garcia,Katherine Garcia,Katherine Garcia,Purchasing Office,509-238-3829,Katherine.Garcia@socimp.com,4693 Dane Street,Green Bluff,HN,10000,VN,Purchasing Staff,SOC in my Pocket
Michael.Perkins,socimp123!,"OU=Purchasing,OU=SOCIMP Users,DC=socimp,DC=local",Purchasing,Michael.Perkins@socimp.com,Michael,A,Perkins,Michael Perkins,Michael Perkins,Purchasing Office,718-661-7920,Michael.Perkins@socimp.com,1235 Briercliff Road,Flushing,HN,10000,VN,Purchasing Staff,SOC in my Pocket
Jon.Douglas,socimp123!,"OU=Purchasing,OU=SOCIMP Users,DC=socimp,DC=local",Purchasing,Jon.Douglas@socimp.com,Jon,C,Douglas,Jon Douglas,Jon Douglas,Purchasing Office,262-725-5940,Jon.Douglas@socimp.com,4667 Joseph Street,West Allis,HN,10000,VN,Purchasing Staff,SOC in my Pocket
Manuel.Eiler,socimp123!,"OU=Purchasing,OU=SOCIMP Users,DC=socimp,DC=local",Purchasing,Manuel.Eiler@socimp.com,Manuel,L,Eiler,Manuel Eiler,Manuel Eiler,Purchasing Office,603-647-4078,Manuel.Eiler@socimp.com,3139 Elliott Street,Manchester,HN,10000,VN,Purchasing Staff,SOC in my Pocket
Susan.Lightsey,socimp123!,"OU=Purchasing,OU=SOCIMP Users,DC=socimp,DC=local",Purchasing,Susan.Lightsey@socimp.com,Susan,D,Lightsey,Susan Lightsey,Susan Lightsey,Purchasing Office,702-397-6992,Susan.Lightsey@socimp.com,2745 Mesa Drive,Overton,HN,10000,VN,Purchasing Staff,SOC in my Pocket
Yvonne.Rudolph,socimp123!,"OU=Marketing,OU=SOCIMP Users,DC=socimp,DC=local",Marketing,Yvonne.Rudolph@socimp.com,Yvonne,A,Rudolph,Yvonne Rudolph,Yvonne Rudolph,Marketing Office,979-836-5437,Yvonne.Rudolph@socimp.com,1887 Colonial Drive,Brenham,HN,10000,VN,Marketing Staff,SOC in my Pocket
Christa.Franklin,socimp123!,"OU=Marketing,OU=SOCIMP Users,DC=socimp,DC=local",Marketing,Christa.Franklin@socimp.com,Christa,N,Franklin,Christa Franklin,Christa Franklin,Marketing Office,760-258-5027,Christa.Franklin@socimp.com,4534 Parkway Street,Los Angeles,HN,10000,VN,Marketing Staff,SOC in my Pocket
Theodore.Mendez,socimp123!,"OU=Marketing,OU=SOCIMP Users,DC=socimp,DC=local",Marketing,Theodore.Mendez@socimp.com,Theodore,C,Mendez,Theodore Mendez,Theodore Mendez,Marketing Office,330-684-8295,Theodore.Mendez@socimp.com,4439 Wildwood Street,Orrville,HN,10000,VN,Marketing Staff,SOC in my Pocket
James.Rasheed,socimp123!,"OU=Marketing,OU=SOCIMP Users,DC=socimp,DC=local",Marketing,James.Rasheed@socimp.com,James,J,Rasheed,James Rasheed,James Rasheed,Marketing Office,304-277-2722,James.Rasheed@socimp.com,1625 Froe Street,Warwood,HN,10000,VN,Marketing Staff,SOC in my Pocket
Leslie.Stephens,socimp123!,"OU=Marketing,OU=SOCIMP Users,DC=socimp,DC=local",Marketing,Leslie.Stephens@socimp.com,Leslie,P,Stephens,Leslie Stephens,Leslie Stephens,Marketing Office,410-532-8698,Leslie.Stephens@socimp.com,4057 Cambridge Place,Baltimore,HN,10000,VN,Marketing Staff,SOC in my Pocket
Bradley.Whitely,socimp123!,"OU=Marketing,OU=SOCIMP Users,DC=socimp,DC=local",Marketing,Bradley.Whitely@socimp.com,Bradley,H,Whitely,Bradley Whitely,Bradley Whitely,Marketing Office,315-463-9767,Bradley.Whitely@socimp.com,4101 Buckhannan Avenue,Syracuse,HN,10000,VN,Marketing Staff,SOC in my Pocket
Barbara.Copeland,socimp123!,"OU=Marketing,OU=SOCIMP Users,DC=socimp,DC=local",Marketing,Barbara.Copeland@socimp.com,Barbara,S,Copeland,Barbara Copeland,Barbara Copeland,Marketing Office,303-340-9091,Barbara.Copeland@socimp.com,1073 Sweetwood Drive,Aurora,HN,10000,VN,Marketing Staff,SOC in my Pocket
Mark.Hayes,socimp123!,"OU=Marketing,OU=SOCIMP Users,DC=socimp,DC=local",Marketing,Mark.Hayes@socimp.com,Mark,T,Hayes,Mark Hayes,Mark Hayes,Marketing Office,978-648-4368,Mark.Hayes@socimp.com,2425 Levy Court,Worcester,HN,10000,VN,Marketing Staff,SOC in my Pocket
Richard.Bayliss,socimp123!,"OU=Marketing,OU=SOCIMP Users,DC=socimp,DC=local",Marketing,Richard.Bayliss@socimp.com,Richard,L,Bayliss,Richard Bayliss,Richard Bayliss,Marketing Office,765-576-3689,Richard.Bayliss@socimp.com,4558 Capitol Avenue,Richmond,HN,10000,VN,Marketing Staff,SOC in my Pocket
Bobby.Becnel,socimp123!,"OU=Marketing,OU=SOCIMP Users,DC=socimp,DC=local",Marketing,Bobby.Becnel@socimp.com,Bobby,N,Becnel,Bobby Becnel,Bobby Becnel,Marketing Office,262-595-9067,Bobby.Becnel@socimp.com,3212 Fairfield Road,Kenosha,HN,10000,VN,Marketing Staff,SOC in my Pocket
Irene.Terrell,socimp123!,"OU=Management,OU=SOCIMP Users,DC=socimp,DC=local",Management,Irene.Terrell@socimp.com,Irene,J,Terrell,Irene Terrell,Irene Terrell,Management Office,318-663-4940,Irene.Terrell@socimp.com,1964 Emerson Road,Shreveport,HN,10000,VN,CAO,SOC in my Pocket
Lionel.Garey,socimp123!,"OU=Management,OU=SOCIMP Users,DC=socimp,DC=local",Management,Lionel.Garey@socimp.com,Lionel,T,Garey,Lionel Garey,Lionel Garey,Management Office,225-715-1914,Lionel.Garey@socimp.com,366 Eva Pearl Street,Baton Rouge,HN,10000,VN,CBO,SOC in my Pocket
Renee.Stone,socimp123!,"OU=Management,OU=SOCIMP Users,DC=socimp,DC=local",Management,Renee.Stone@socimp.com,Renee,J,Stone,Renee Stone,Renee Stone,Management Office,336-881-9875,Renee.Stone@socimp.com,1505 Fire Access Road,High Point,HN,10000,VN,CCO,SOC in my Pocket
Jenna.Rushton,socimp123!,"OU=Management,OU=SOCIMP Users,DC=socimp,DC=local",Management,Jenna.Rushton@socimp.com,Jenna,M,Rushton,Jenna Rushton,Jenna Rushton,Management Office,404-568-4939,Jenna.Rushton@socimp.com,530 Junior Avenue,Atlanta,HN,10000,VN,CDO,SOC in my Pocket
Michelle.Tobin,iloveyou123,"OU=Management,OU=SOCIMP Users,DC=socimp,DC=local",Management,Michelle.Tobin@socimp.com,Michelle,W,Tobin,Michelle Tobin,Michelle Tobin,Management Office,614-727-4508,Michelle.Tobin@socimp.com,593 Palmer Road,Columbus,HN,10000,VN,CEO,SOC in my Pocket
Roger.Porter,socimp123!,"OU=Management,OU=SOCIMP Users,DC=socimp,DC=local",Management,Roger.Porter@socimp.com,Roger,B,Porter,Roger Porter,Roger Porter,Management Office,856-336-8811,Roger.Porter@socimp.com,2515 Lee Avenue,Pennsauken,HN,10000,VN,CFO,SOC in my Pocket
Bridget.Griffing,socimp123!,"OU=Management,OU=SOCIMP Users,DC=socimp,DC=local",Management,Bridget.Griffing@socimp.com,Bridget,N,Griffing,Bridget Griffing,Bridget Griffing,Management Office,646-865-7318,Bridget.Griffing@socimp.com,785 Forest Avenue,New York,HN,10000,VN,CGO,SOC in my Pocket
Roy.Gully,socimp123!,"OU=Management,OU=SOCIMP Users,DC=socimp,DC=local",Management,Roy.Gully@socimp.com,Roy,C,Gully,Roy Gully,Roy Gully,Management Office,720-744-3789,Roy.Gully@socimp.com,84 Clay Lick Road,Denver,HN,10000,VN,CHO,SOC in my Pocket
Sherry.Eastman,socimp123!,"OU=Management,OU=SOCIMP Users,DC=socimp,DC=local",Management,Sherry.Eastman@socimp.com,Sherry,J,Eastman,Sherry Eastman,Sherry Eastman,Management Office,334-561-6230,Sherry.Eastman@socimp.com,130 Turkey Pen Lane,Montgomery,HN,10000,VN,CYO,SOC in my Pocket
France.Hill,socimp123!,"OU=Management,OU=SOCIMP Users,DC=socimp,DC=local",Management,France.Hill@socimp.com,France,M,Hill,France Hill,France Hill,Management Office,732-579-9142,France.Hill@socimp.com,1892 Webster Street,Newark,HN,10000,VN,CJO,SOC in my Pocket
Louise.Quinn,socimp123!,"OU=IT,OU=SOCIMP Users,DC=socimp,DC=local",IT,Louise.Quinn@socimp.com,Louise,J,Quinn,Louise Quinn,Louise Quinn,IT Office,703-820-9799,Louise.Quinn@socimp.com,2466 Perine Street,Arlington,HN,10000,VN,Software Engineer,SOC in my Pocket
Elaine.Thompson,socimp123!,"OU=IT,OU=SOCIMP Users,DC=socimp,DC=local",IT,Elaine.Thompson@socimp.com,Elaine,D,Thompson,Elaine Thompson,Elaine Thompson,IT Office,954-438-4960,Elaine.Thompson@socimp.com,2132 West Fork Drive,Hollywood,HN,10000,VN,Software Engineer,SOC in my Pocket
Paul.Gonzalez,socimp123!,"OU=IT,OU=SOCIMP Users,DC=socimp,DC=local",IT,Paul.Gonzalez@socimp.com,Paul,S,Gonzalez,Paul Gonzalez,Paul Gonzalez,IT Office,502-827-3609,Paul.Gonzalez@socimp.com,4354 Karen Lane,Radcliff,HN,10000,VN,Software Engineer,SOC in my Pocket
Jesus.Basile,socimp123!,"OU=IT,OU=SOCIMP Users,DC=socimp,DC=local",IT,Jesus.Basile@socimp.com,Jesus,L,Basile,Jesus Basile,Jesus Basile,IT Office,813-713-5503,Jesus.Basile@socimp.com,4221 Saints Alley,Polk City,HN,10000,VN,Helpdesk Specialist,SOC in my Pocket
Stacy.Miller,socimp123!,"OU=IT,OU=SOCIMP Users,DC=socimp,DC=local",IT,Stacy.Miller@socimp.com,Stacy,F,Miller,Stacy Miller,Stacy Miller,IT Office,409-916-8768,Stacy.Miller@socimp.com,1414 Lynn Ogden Lane,Texas City,HN,10000,VN,Helpdesk Specialist,SOC in my Pocket
Charles.Robertson,socimp123!,"OU=IT,OU=SOCIMP Users,DC=socimp,DC=local",IT,Charles.Robertson@socimp.com,Charles,C,Robertson,Charles Robertson,Charles Robertson,IT Office,707-568-4556,Charles.Robertson@socimp.com,1380 Marietta Street,Santa Rosa,HN,10000,VN,Helpdesk Specialist,SOC in my Pocket
George.Mosely,iloveyou123,"OU=IT,OU=SOCIMP Users,DC=socimp,DC=local",IT,George.Mosely@socimp.com,George,L,Mosely,George Mosely,George Mosely,IT Office,703-392-5629,George.Mosely@socimp.com,1455 Golf Course Drive,Manassas,HN,10000,VN,System Administrator,SOC in my Pocket
Virginia.Norris,socimp123!,"OU=IT,OU=SOCIMP Users,DC=socimp,DC=local",IT,Virginia.Norris@socimp.com,Virginia,L,Norris,Virginia Norris,Virginia Norris,IT Office,267-374-7677,Virginia.Norris@socimp.com,2360 Valley Drive,Plymouth Meeting,HN,10000,VN,Network Engineer,SOC in my Pocket
Matthew.Gilligan,socimp123!,"OU=IT,OU=SOCIMP Users,DC=socimp,DC=local",IT,Matthew.Gilligan@socimp.com,Matthew,D,Gilligan,Matthew Gilligan,Matthew Gilligan,IT Office,508-282-0872,Matthew.Gilligan@socimp.com,3370 Stadium Drive,Brockton,HN,10000,VN,QA Specialist,SOC in my Pocket
Mary.Barnett,socimp123!,"OU=IT,OU=SOCIMP Users,DC=socimp,DC=local",IT,Mary.Barnett@socimp.com,Mary,R,Barnett,Mary Barnett,Mary Barnett,IT Office,808-550-0871,Mary.Barnett@socimp.com,3302 Arron Smith Drive,Honolulu,HN,10000,VN,QA Specialist,SOC in my Pocket
Cory.Wilson,socimp123!,"OU=HR,OU=SOCIMP Users,DC=socimp,DC=local",HR,Cory.Wilson@socimp.com,Cory,J,Wilson,Cory Wilson,Cory Wilson,HR Office,225-362-5827,Cory.Wilson@socimp.com,1809 Washburn Street,Baton Rouge,HN,10000,VN,HR Specialist,SOC in my Pocket
Clarence.Olson,socimp123!,"OU=HR,OU=SOCIMP Users,DC=socimp,DC=local",HR,Clarence.Olson@socimp.com,Clarence,J,Olson,Clarence Olson,Clarence Olson,HR Office,859-685-3689,Clarence.Olson@socimp.com,4571 Mayo Street,Lexington,HN,10000,VN,HR Specialist,SOC in my Pocket
Jill.Glass,socimp123!,"OU=HR,OU=SOCIMP Users,DC=socimp,DC=local",HR,Jill.Glass@socimp.com,Jill,C,Glass,Jill Glass,Jill Glass,HR Office,256-438-9841,Jill.Glass@socimp.com,4204 Turnpike Drive,Birmingham,HN,10000,VN,HR Specialist,SOC in my Pocket
Jason.Muir,socimp123!,"OU=HR,OU=SOCIMP Users,DC=socimp,DC=local",HR,Jason.Muir@socimp.com,Jason,S,Muir,Jason Muir,Jason Muir,HR Office,610-766-9858,Jason.Muir@socimp.com,3051 Lyndon Street,Philadelphia,HN,10000,VN,HR Staff,SOC in my Pocket
Christopher.Sisco,socimp123!,"OU=HR,OU=SOCIMP Users,DC=socimp,DC=local",HR,Christopher.Sisco@socimp.com,Christopher,D,Sisco,Christopher Sisco,Christopher Sisco,HR Office,574-248-2831,Christopher.Sisco@socimp.com,618 Sharon Lane,Plymouth,HN,10000,VN,HR Staff,SOC in my Pocket
Samuel.Thomas,socimp123!,"OU=HR,OU=SOCIMP Users,DC=socimp,DC=local",HR,Samuel.Thomas@socimp.com,Samuel,M,Thomas,Samuel Thomas,Samuel Thomas,HR Office,770-578-7561,Samuel.Thomas@socimp.com,4128 Lakeland Park Drive,Marietta,HN,10000,VN,HR Staff,SOC in my Pocket
Nigel.Caldwell,socimp123!,"OU=HR,OU=SOCIMP Users,DC=socimp,DC=local",HR,Nigel.Caldwell@socimp.com,Nigel,E,Caldwell,Nigel Caldwell,Nigel Caldwell,HR Office,201-829-2373,Nigel.Caldwell@socimp.com,2296 Lakewood Drive,Secaucus,HN,10000,VN,HR Staff,SOC in my Pocket
Donna.Holleran,socimp123!,"OU=HR,OU=SOCIMP Users,DC=socimp,DC=local",HR,Donna.Holleran@socimp.com,Donna,C,Holleran,Donna Holleran,Donna Holleran,HR Office,814-487-9372,Donna.Holleran@socimp.com,3487 Stutler Lane,Beaverdale,HN,10000,VN,HR Staff,SOC in my Pocket
William.Magill,socimp123!,"OU=HR,OU=SOCIMP Users,DC=socimp,DC=local",HR,William.Magill@socimp.com,William,D,Magill,William Magill,William Magill,HR Office,417-859-8831,William.Magill@socimp.com,2519 Briarwood Road,Marshfield,HN,10000,VN,HR Staff,SOC in my Pocket
Nicole.Benson,socimp123!,"OU=HR,OU=SOCIMP Users,DC=socimp,DC=local",HR,Nicole.Benson@socimp.com,Nicole,C,Benson,Nicole Benson,Nicole Benson,HR Office,865-281-6474,Nicole.Benson@socimp.com,3315 Wiseman Street,Knoxville,HN,10000,VN,HR Staff,SOC in my Pocket
Alva.Wood,socimp123!,"OU=Accouting,OU=SOCIMP Users,DC=socimp,DC=local",Accounting,Alva.Wood@socimp.com,Alva,E,Wood,Alva Wood,Alva Wood,Accouting Office,720-532-9845,Alva.Wood@socimp.com,4175 Clay Lick Road,Aurora,HN,10000,VN,Internal Accounting,SOC in my Pocket
Eric.Seifert,socimp123!,"OU=Accouting,OU=SOCIMP Users,DC=socimp,DC=local",Accounting,Eric.Seifert@socimp.com,Eric,E,Seifert,Eric Seifert,Eric Seifert,Accouting Office,631-539-1213,Eric.Seifert@socimp.com,4053 Abia Martin Drive,Bethpage,HN,10000,VN,Internal Accounting,SOC in my Pocket
Martha.Morales,socimp123!,"OU=Accouting,OU=SOCIMP Users,DC=socimp,DC=local",Accounting,Martha.Morales@socimp.com,Martha,R,Morales,Martha Morales,Martha Morales,Accouting Office,386-658-8566,Martha.Morales@socimp.com,2181 Spirit Drive,Dowling Park,HN,10000,VN,Internal Accounting,SOC in my Pocket
Jackie.Harris,socimp123!,"OU=Accouting,OU=SOCIMP Users,DC=socimp,DC=local",Accounting,Jackie.Harris@socimp.com,Jackie,D,Harris,Jackie Harris,Jackie Harris,Accouting Office,267-508-3863,Jackie.Harris@socimp.com,400 Quincy Street,Philadelphia,HN,10000,VN,Accouting Specialist,SOC in my Pocket
Mary.Smart,iloveyou123,"OU=Accouting,OU=SOCIMP Users,DC=socimp,DC=local",Accounting,Mary.Smart@socimp.com,Mary,J,Smart,Mary Smart,Mary Smart,Accouting Office,985-705-6763,Mary.Smart@socimp.com,2760 Woodland Avenue,Metairie,HN,10000,VN,Accouting Specialist,SOC in my Pocket
Timmy.Snow,socimp123!,"OU=Accouting,OU=SOCIMP Users,DC=socimp,DC=local",Accounting,Timmy.Snow@socimp.com,Timmy,T,Snow,Timmy Snow,Timmy Snow,Accouting Office,336-566-7831,Timmy.Snow@socimp.com,1170 Ingram Road,Asheboro,HN,10000,VN,Accouting Staff,SOC in my Pocket
Jared.Dietz,socimp123!,"OU=Accouting,OU=SOCIMP Users,DC=socimp,DC=local",Accounting,Jared.Dietz@socimp.com,Jared,C,Dietz,Jared Dietz,Jared Dietz,Accouting Office,772-221-0223,Jared.Dietz@socimp.com,2432 Elkview Drive,Stuart,HN,10000,VN,Accouting Staff,SOC in my Pocket
Shannon.Key,socimp123!,"OU=Accouting,OU=SOCIMP Users,DC=socimp,DC=local",Accounting,Shannon.Key@socimp.com,Shannon,M,Key,Shannon Key,Shannon Key,Accouting Office,908-598-7681,Shannon.Key@socimp.com,2294 Caynor Circle,Summit,HN,10000,VN,Accouting Staff,SOC in my Pocket
Leo.Puente,socimp123!,"OU=Accouting,OU=SOCIMP Users,DC=socimp,DC=local",Accounting,Leo.Puente@socimp.com,Leo,E,Puente,Leo Puente,Leo Puente,Accouting Office,773-592-8062,Leo.Puente@socimp.com,4173 Virginia Street,Chicago,HN,10000,VN,Accouting Staff,SOC in my Pocket
Minnie.James,socimp123!,"OU=Accouting,OU=SOCIMP Users,DC=socimp,DC=local",Accounting,Minnie.James@socimp.com,Minnie,G,James,Minnie James,Minnie James,Accouting Office,808-627-7882,Minnie.James@socimp.com,113 Indiana Avenue,Mililani,HN,10000,VN,Accouting Staff,SOC in my Pocket
